{"cameraMode":{"drawMode":0,"name":"Shaded","section":"Shading Mode"},"sceneLighting":true,"audioPlay":false,"sceneViewState":{"m_AlwaysRefresh":false,"showFog":true,"showSkybox":true,"showFlares":true,"showImageEffects":true,"showParticleSystems":true,"showVisualEffectGraphs":true,"m_FxEnabled":true},"in2DMode":false,"pivot":{"x":-10.816524505615235,"y":-5.719890594482422,"z":-18.883041381835939},"rotation":{"x":0.041990164667367938,"y":-0.9571401476860046,"z":0.22240254282951356,"w":0.1807112693786621},"size":494.9161376953125,"orthographic":false}