{"cameraMode":{"drawMode":0,"name":"Shaded","section":"Shading Mode"},"sceneLighting":true,"audioPlay":false,"sceneViewState":{"m_AlwaysRefresh":false,"showFog":true,"showSkybox":true,"showFlares":true,"showImageEffects":true,"showParticleSystems":true,"showVisualEffectGraphs":true,"m_FxEnabled":true},"in2DMode":false,"pivot":{"x":13.117630958557129,"y":2.5424084663391115,"z":-11.026074409484864},"rotation":{"x":-0.04978908598423004,"y":-0.0009017192060127854,"z":0.00004529973739408888,"w":-0.9987618923187256},"size":11.721116065979004,"orthographic":false}